{"data":[{"href":"https://bit.ly/MTG-M21-Basri","text":"Basri, Devoted Paladin","className":""},{"href":"https://bit.ly/MTG-M21-Teferi","text":"Teferi, Timeless Voyager","className":""},{"href":"https://bit.ly/MTG-M21-Liliana","text":"Liliana, Death Mage","className":""},{"href":"https://bit.ly/MTG-M21-Chandra","text":"Chandra, Flame's Catalyst","className":""},{"href":"https://bit.ly/MTG-M21-Garruk","text":"Garruk, Savage Herald","className":""},{"href":"https://bit.ly/MTG-THB-Elspeth","text":"Elspeth, Undaunted Hero","className":""},{"href":"https://bit.ly/MTG-THB-Ashiok","text":"Ashiok, Sculptor of Fears","className":""},{"href":"https://bit.ly/MTG-ELD-Oko","text":"Oko, the Trickster","className":""},{"href":"https://bit.ly/MTG-ELD-Rowan","text":"Rowan, Fearless Sparkmage","className":""},{"href":"https://bit.ly/MTG-M20-Ajani","text":"Ajani, Inspiring Leader","className":""},{"href":"https://bit.ly/MTG-M20-Yanling","text":"Mu Yanling, Celestial Wind","className":""},{"href":"https://bit.ly/MTG-M20-Sorin","text":"Sorin, Vampire Lord","className":""},{"href":"https://bit.ly/MTG-M20-Chandra","text":"Chandra, Flame's Fury","className":""},{"href":"https://bit.ly/MTG-M20-Vivien","text":"Vivien, Nature's Avenger","className":""},{"href":"https://bit.ly/MTG-WAR-Gideon","text":"Gideon, the Oathsworn","className":""},{"href":"https://bit.ly/MTG-WAR-Jace","text":"Jace, Arcane Strategist","className":""},{"href":"https://bit.ly/MTG-RNA-Dovin","text":"Dovin, Architect of Law","className":""},{"href":"https://bit.ly/MTG-RNA-Domri","text":"Domri, City Smasher","className":""},{"href":"https://bit.ly/MTG-GRN-Ral","text":"Ral, Caller of Storms","className":""},{"href":"https://bit.ly/MTG-GRN-Vraska","text":"Vraska, Regal Gorgon","className":""},{"href":"https://bit.ly/MTG-M19-Ajani","text":"Ajani, Wise Counselor","className":""},{"href":"https://bit.ly/MTG-M19-Tezzeret","text":"Tezzeret, Cruel Machinist","className":""},{"href":"https://bit.ly/MTG-M19-Liliana","text":"Liliana, the Necromancer","className":""},{"href":"https://bit.ly/MTG-M19-Sarkhan","text":"Sarkhan, Dragonsoul","className":""},{"href":"https://bit.ly/MTG-M19-Vivien","text":"Vivien of the Arkbow","className":""},{"href":"https://bit.ly/MTG-Global-Jiang-Yanggu","text":"Jiang Yanggu","className":""},{"href":"https://bit.ly/MTG-Global-Mu-Yanling","text":"Mu Yanling","className":""},{"href":"https://bit.ly/MTG-DOM-Teferi","text":"Teferi, Timebender","className":""},{"href":"https://bit.ly/MTG-DOM-Chandra","text":"Chandra, Bold Pyromancer","className":""},{"href":"https://bit.ly/MTG-RIX-Vraska","text":"Vraska, Scheming Gorgon","className":""},{"href":"https://bit.ly/MTG-RIX-Angrath","text":"Angrath, Minotaur Pirate","className":""},{"href":"https://bit.ly/MTG-XLN-Jace","text":"Jace, Ingenious Mind-Mage","className":""},{"href":"https://bit.ly/MTG-XLN-Huatli","text":"Huatli, Dinosaur Knight","className":""},{"href":"https://bit.ly/MTG-HOU-Nissa","text":"Nissa, Genesis Mage","className":""},{"href":"https://bit.ly/MTG-HOU-Nicol-Bolas","text":"Nicol Bolas, the Deceiver","className":""},{"href":"https://bit.ly/MTG-AKH-Gideon","text":"Gideon, Martial Paragon","className":""},{"href":"https://bit.ly/MTG-AKH-Liliana","text":"Liliana, Death Wielder","className":""},{"href":"https://bit.ly/MTG-AER-Ajani","text":"Ajani, Valiant Protector","className":""},{"href":"https://bit.ly/MTG-AER-Tezzeret","text":"Tezzeret, Master of Metal","className":""},{"href":"https://bit.ly/MTG-KLD-Chandra","text":"Chandra, Pyrogenius","className":""},{"href":"https://bit.ly/MTG-KLD-Nissa","text":"Nissa, Nature's Artisan","className":""},{"href":"","text":"Ghostly Tide","className":"missing"},{"href":"","text":"Unearthed Secrets","className":"missing"},{"href":"","text":"Vampiric Thirst","className":"missing"},{"href":"","text":"Angelic Fury","className":"missing"},{"href":"","text":"Horrific Visions","className":"missing"},{"href":"","text":"Unlikely Alliances","className":"missing"},{"href":"","text":"Dangerous Knowledge","className":"missing"},{"href":"","text":"Shallow Graves","className":"missing"},{"href":"","text":"Untamed Wild","className":"missing"},{"href":"","text":"Weapons and Wards","className":"missing"},{"href":"","text":"Rallying Cry","className":"missing"},{"href":"","text":"Swarming Instinct","className":"missing"},{"href":"","text":"Call of Blood","className":"missing"},{"href":"","text":"Eldrazi Assault","className":"missing"},{"href":"","text":"Zendikar's Rage","className":"missing"},{"href":"","text":"Desperate Stand","className":"missing"},{"href":"","text":"Twisted Reality","className":"missing"},{"href":"","text":"Vicious Cycle","className":"missing"},{"href":"","text":"Surge of Resistance","className":"missing"},{"href":"","text":"Concerted Effort","className":"missing"},{"href":"https://bit.ly/MTG-KTK-Abzan-Siege","text":"Abzan Siege","className":""},{"href":"","text":"Jeskai Monks","className":"missing"},{"href":"","text":"Sultai Schemers","className":"missing"},{"href":"","text":"Mardu Raiders","className":"missing"},{"href":"","text":"Temur Avalanche","className":"missing"},{"href":"","text":"Unflinching Assault","className":"missing"},{"href":"","text":"Cunning Plan","className":"missing"},{"href":"","text":"Grave Advantage","className":"missing"},{"href":"","text":"Stampeding Hordes","className":"missing"},{"href":"","text":"Surprise Attack","className":"missing"},{"href":"","text":"Massed Ranks","className":"missing"},{"href":"","text":"Enlightened Mastery","className":"missing"},{"href":"","text":"Cruel Plots","className":"missing"},{"href":"","text":"Relentless Rush","className":"missing"},{"href":"","text":"Furious Forces","className":"missing"},{"href":"","text":"Favors from Nyx","className":"missing"},{"href":"","text":"Manipulative Monstrosities","className":"missing"},{"href":"","text":"Devotion to Darkness","className":"missing"},{"href":"","text":"Blazing Beasts of Myth","className":"missing"},{"href":"","text":"Anthousa's Army","className":"missing"},{"href":"","text":"Gifts of the Gods","className":"missing"},{"href":"","text":"Inspiration-Struck","className":"missing"},{"href":"","text":"Death's Beginning","className":"missing"},{"href":"","text":"Forged in Battle","className":"missing"},{"href":"","text":"Insatiable Hunger","className":"missing"},{"href":"","text":"Mortals of Myth","className":"missing"},{"href":"","text":"Fates Foreseen","className":"missing"},{"href":"","text":"Pantheon's Power","className":"missing"},{"href":"","text":"Voracious Rage","className":"missing"},{"href":"","text":"The Wilds and the Deep","className":"missing"},{"href":"https://bit.ly/MTG-RTR-Azorius-Advance","text":"Azorius Advance","className":""},{"href":"https://bit.ly/MTG-RTR-Izzet-Ingenuity","text":"Izzet Ingenuity","className":""},{"href":"https://bit.ly/MTG-RTR-Rakdos-Raid","text":"Rakdos Raid","className":"unverified"},{"href":"https://bit.ly/MTG-RTR-Golgari-Growth","text":"Golgari Growth","className":""},{"href":"https://bit.ly/MTG-RTR-Selesnya-Surge","text":"Selesnya Surge","className":""},{"href":"https://bit.ly/MTG-GTC-Orzhov-Oppression","text":"Orzhov Oppression","className":""},{"href":"https://bit.ly/MTG-GTC-Dimir-Dementia","text":"Dimir Dementia","className":""},{"href":"https://bit.ly/MTG-GTC-Gruul-Goliaths","text":"Gruul Goliaths","className":""},{"href":"https://bit.ly/MTG-GTC-Boros-Battalion","text":"Boros Battalion","className":""},{"href":"https://bit.ly/MTG-GTC-Simic-Synthesis","text":"Simic Synthesis","className":""},{"href":"https://bit.ly/MTG-DGM-Azorius-Authority","text":"Azorius Authority","className":""},{"href":"https://bit.ly/MTG-DGM-Orzhov-Power","text":"Orzhov Power","className":""},{"href":"https://bit.ly/MTG-DGM-Rakdos-Revelry","text":"Rakdos Revelry","className":""},{"href":"https://bit.ly/MTG-DGM-Gruul-Siege","text":"Gruul Siege","className":""},{"href":"https://bit.ly/MTG-DGM-Simic-Domination","text":"Simic Domination","className":""},{"href":"","text":"Spectral Legions","className":"missing"},{"href":"","text":"Eldritch Onslaught","className":"missing"},{"href":"","text":"Deathly Dominion","className":"missing"},{"href":"","text":"Carnival of Blood","className":"missing"},{"href":"","text":"Repel the Dark","className":"missing"},{"href":"","text":"Swift Justice","className":"missing"},{"href":"","text":"Relentless Dead","className":"missing"},{"href":"https://bit.ly/MTG-DKA-Monstrous-Surprise","text":"Monstrous Surprise","className":""},{"href":"https://bit.ly/MTG-DKA-Grave-Power","text":"Grave Power","className":""},{"href":"","text":"Dark Sacrifice","className":"missing"},{"href":"","text":"Angelic Might","className":"missing"},{"href":"https://bit.ly/MTG-AVR-Solitary-Fiends","text":"Solitary Fiends","className":""},{"href":"","text":"Slaughterhouse","className":"missing"},{"href":"","text":"Fiery Dawn","className":"missing"},{"href":"https://bit.ly/MTG-AVR-Bound-by-Strength","text":"Bound by Strength","className":""},{"href":"","text":"Myr of Mirrodin","className":"missing"},{"href":"","text":"Metalcraft","className":"missing"},{"href":"","text":"Deadspread","className":"missing"},{"href":"","text":"Relic Breaker","className":"missing"},{"href":"","text":"Phyrexian Poison","className":"missing"},{"href":"","text":"Path of Blight","className":"missing"},{"href":"","text":"Doom Inevitable","className":"missing"},{"href":"","text":"Mirromancy","className":"missing"},{"href":"","text":"Battle Cries","className":"missing"},{"href":"","text":"Artful Destruction","className":"missing"},{"href":"","text":"Devouring Skies","className":"missing"},{"href":"","text":"Feast of Flesh","className":"missing"},{"href":"","text":"Life for Death","className":"missing"},{"href":"","text":"Ravaging Swarm","className":"missing"},{"href":"","text":"Kor Armory","className":"missing"},{"href":"","text":"Rise of the Vampires","className":"missing"},{"href":"","text":"Unstable Terrain","className":"missing"},{"href":"","text":"Pumped Up","className":"missing"},{"href":"","text":"The Adventurers","className":"missing"},{"href":"","text":"Brute Force","className":"missing"},{"href":"","text":"Fangs of the Bloodchief","className":"missing"},{"href":"","text":"Mysterious Realms","className":"missing"},{"href":"","text":"Rapid Fire","className":"missing"},{"href":"","text":"Flyover","className":"missing"},{"href":"","text":"Levelers' Glory","className":"missing"},{"href":"","text":"Levelers' Scorn","className":"missing"},{"href":"","text":"Invading Spawn","className":"missing"},{"href":"","text":"Eldrazi Arisen","className":"missing"},{"href":"","text":"Totem Power","className":"missing"},{"href":"","text":"Bant Exalted","className":"missing"},{"href":"","text":"Esper Artifice","className":"missing"},{"href":"","text":"Grixis Undead","className":"missing"},{"href":"","text":"Primordial Jund","className":"missing"},{"href":"","text":"Naya Behemoths","className":"missing"},{"href":"","text":"Bant on the March","className":"missing"},{"href":"","text":"Esper Air Assault","className":"missing"},{"href":"","text":"Grixis Shambling Army","className":"missing"},{"href":"","text":"Jund Appetite for War","className":"missing"},{"href":"","text":"Naya Domain","className":"missing"},{"href":"","text":"Legion Aloft","className":"missing"},{"href":"","text":"Unnatural Schemes","className":"missing"},{"href":"","text":"Dead Ahead","className":"missing"},{"href":"","text":"Rumbler","className":"missing"},{"href":"","text":"Eternal Siege","className":"missing"},{"href":"","text":"Brave the Battle","className":"missing"},{"href":"","text":"Take to the Sky","className":"missing"},{"href":"","text":"Demonic Deals","className":"missing"},{"href":"","text":"Assemble Victory","className":"missing"},{"href":"","text":"Hunting Pack","className":"missing"},{"href":"","text":"Price of Glory","className":"missing"},{"href":"","text":"Hit the Ground Running","className":"missing"},{"href":"","text":"Infernal Intervention","className":"missing"},{"href":"","text":"Flames of the Dragon","className":"missing"},{"href":"","text":"Will of the Masses","className":"missing"},{"href":"","text":"Lightforce","className":"missing"},{"href":"","text":"Psychic Labyrinth","className":"missing"},{"href":"","text":"Death Reaper","className":"missing"},{"href":"","text":"Fire Surge","className":"missing"},{"href":"","text":"Bestial Strength","className":"missing"},{"href":"https://bit.ly/MTG-M13-Path-to-Victory","text":"Path to Victory","className":""},{"href":"","text":"Depths of Power","className":"missing"},{"href":"https://bit.ly/MTG-M13-Sole-Domination","text":"Sole Domination","className":""},{"href":"","text":"Mob Rule","className":"missing"},{"href":"","text":"Wild Rush","className":"missing"},{"href":"","text":"Sacred Assault","className":"missing"},{"href":"https://bit.ly/MTG-M12-Mystical-Might","text":"Mystical Might","className":""},{"href":"","text":"Grab for Power","className":"missing"},{"href":"https://bit.ly/MTG-M12-Blood-and-Fire","text":"Blood & Fire","className":""},{"href":"","text":"Entangling Webs","className":"missing"},{"href":"","text":"Blades of Victory","className":"missing"},{"href":"","text":"Power of Prophecy","className":"missing"},{"href":"","text":"Reign of Vampirism","className":"missing"},{"href":"","text":"Breath of Fire","className":"missing"},{"href":"","text":"Stampede of Beasts","className":"missing"},{"href":"","text":"We Are Legion","className":"missing"},{"href":"","text":"Presence of Mind","className":"missing"},{"href":"","text":"Death's Minions","className":"missing"},{"href":"","text":"Firebomber","className":"missing"},{"href":"","text":"Nature's Fury","className":"missing"},{"href":"","text":"Aura Mastery","className":"missing"},{"href":"","text":"Mortal Coil","className":"missing"},{"href":"","text":"Army of Entropy","className":"missing"},{"href":"","text":"Overkill","className":"missing"},{"href":"","text":"Turnabout","className":"missing"},{"href":"","text":"Battle Blitz","className":"missing"},{"href":"","text":"Death March","className":"missing"},{"href":"","text":"Life Drain","className":"missing"},{"href":"","text":"Sidestep","className":"missing"},{"href":"","text":"Superabundance","className":"missing"},{"href":"","text":"Kithkin Militia","className":"missing"},{"href":"","text":"Merrow Riverways","className":"missing"},{"href":"","text":"Boggart Feast","className":"missing"},{"href":"","text":"Elvish Predation","className":"missing"},{"href":"","text":"Elemental's Path","className":"missing"},{"href":"","text":"Battalion","className":"missing"},{"href":"","text":"Going Rogue","className":"missing"},{"href":"","text":"Shamanism","className":"missing"},{"href":"","text":"Warrior's Code","className":"missing"},{"href":"","text":"Fun With Fungus","className":"missing"},{"href":"","text":"Hope's Crusaders","className":"missing"},{"href":"","text":"Reality Fracture","className":"missing"},{"href":"","text":"Sliver Evolution","className":"missing"},{"href":"","text":"Endless March","className":"missing"},{"href":"","text":"Ixidor's Legacy","className":"missing"},{"href":"","text":"Rituals of Rebirth","className":"missing"},{"href":"","text":"Unraveling Mind","className":"missing"},{"href":"","text":"Fate Blaster","className":"missing"},{"href":"","text":"Future Shock","className":"missing"},{"href":"","text":"Rebels Unite","className":"missing"},{"href":"","text":"Suspended Sentence","className":"missing"},{"href":"https://bit.ly/MTG-CSP-Aurochs-Stampede","text":"Aurochs Stampede","className":""},{"href":"https://bit.ly/MTG-CSP-Beyond-the-Grave","text":"Beyond the Grave","className":""},{"href":"https://bit.ly/MTG-CSP-Kjeldoran-Cunning","text":"Kjeldoran Cunning","className":""},{"href":"","text":"Snowscape","className":"missing"},{"href":"","text":"Charge of the Boros","className":"missing"},{"href":"","text":"Dimir Intrigues","className":"missing"},{"href":"https://bit.ly/MTG-RAV-Golgari-Deathcreep","text":"Golgari Deathcreep","className":""},{"href":"","text":"Selesnya United","className":"missing"},{"href":"","text":"Code of the Orzhov","className":"missing"},{"href":"","text":"Gruul Wilding","className":"missing"},{"href":"https://bit.ly/MTG-GPT-Izzet-Gizmometry","text":"Izzet Gizmometry","className":""},{"href":"https://bit.ly/MTG-DIS-Azorius-Ascendant","text":"Azorius Ascendant","className":""},{"href":"https://bit.ly/MTG-DIS-Simic-Mutology","text":"Simic Mutology","className":""},{"href":"https://bit.ly/MTG-DIS-Rakdos-Bloodsport","text":"Rakdos Bloodsport","className":""},{"href":"","text":"Kami Reborn","className":"missing"},{"href":"","text":"Snake's Path","className":"missing"},{"href":"","text":"Spiritbane","className":"missing"},{"href":"","text":"Way of the Warrior","className":"missing"},{"href":"","text":"Dark Devotion","className":"missing"},{"href":"","text":"Ninjutsu","className":"missing"},{"href":"","text":"Rats' Nest","className":"missing"},{"href":"","text":"Spiritcraft","className":"missing"},{"href":"","text":"Critical Mass","className":"missing"},{"href":"","text":"Soratami's Wisdom","className":"missing"},{"href":"","text":"Spirit Flames","className":"missing"},{"href":"","text":"Truth Seekers","className":"missing"},{"href":"","text":"Bait & Bludgeon","className":"missing"},{"href":"","text":"Little Bashers","className":"missing"},{"href":"","text":"Sacrificial Bam","className":"missing"},{"href":"","text":"Wicked Big","className":"missing"},{"href":"","text":"Master Blaster","className":"missing"},{"href":"","text":"Mind Swarm","className":"missing"},{"href":"","text":"Swarm & Slam","className":"missing"},{"href":"","text":"Transference","className":"missing"},{"href":"","text":"Nuts and Bolts","className":"missing"},{"href":"","text":"Special Forces","className":"missing"},{"href":"","text":"Stampede","className":"missing"},{"href":"","text":"Sunburst","className":"missing"},{"href":"","text":"Bait and Switch","className":"missing"},{"href":"","text":"Celestial Assault","className":"missing"},{"href":"","text":"Devastation","className":"missing"},{"href":"","text":"Ivory Doom","className":"missing"},{"href":"","text":"Elvish Rage","className":"missing"},{"href":"","text":"Morph Mayhem","className":"missing"},{"href":"","text":"Sliver Shivers","className":"missing"},{"href":"","text":"Zombies Unleashed","className":"missing"},{"href":"https://bit.ly/MTG-SCG-Goblin-Mob","text":"Goblin Mob","className":""},{"href":"","text":"Max Attax","className":"missing"},{"href":"","text":"Pulverize","className":"missing"},{"href":"","text":"Storm Surge","className":"missing"},{"href":"https://bit.ly/MTG-ODY-Liftoff","text":"Liftoff","className":""},{"href":"https://bit.ly/MTG-ODY-One-Two-Punch","text":"One-Two Punch","className":""},{"href":"https://bit.ly/MTG-ODY-Pressure-Cooker","text":"Pressure Cooker","className":""},{"href":"https://bit.ly/MTG-ODY-Trounce-O-Matic","text":"Trounce-O-Matic","className":""},{"href":"https://bit.ly/MTG-TOR-Sacrilege","text":"Sacrilege","className":""},{"href":"https://bit.ly/MTG-TOR-Grave-Danger","text":"Grave Danger","className":""},{"href":"https://bit.ly/MTG-TOR-Waking-Nightmares","text":"Waking Nightmares","className":""},{"href":"https://bit.ly/MTG-TOR-Insanity","text":"Insanity","className":""},{"href":"","text":"Air Razers","className":"missing"},{"href":"https://bit.ly/MTG-JUD-Inundation","text":"Inundation","className":""},{"href":"","text":"Painflow","className":"missing"},{"href":"","text":"Spectral Slam","className":"missing"},{"href":"","text":"Blowout","className":"missing"},{"href":"","text":"Dismissal","className":"missing"},{"href":"","text":"Heavy Duty","className":"missing"},{"href":"","text":"Spectrum","className":"missing"},{"href":"","text":"Barrage","className":"missing"},{"href":"","text":"Comeback","className":"missing"},{"href":"https://bit.ly/MTG-PLS-Domain","text":"Domain","className":""},{"href":"","text":"Scout","className":"missing"},{"href":"","text":"Burial","className":"missing"},{"href":"","text":"Pandemonium","className":"missing"},{"href":"","text":"Swoop","className":"missing"},{"href":"","text":"Whirlpool","className":"missing"},{"href":"","text":"Deepwood Menace","className":"missing"},{"href":"","text":"Disruptor","className":"missing"},{"href":"","text":"Rebel's Call","className":"missing"},{"href":"","text":"Tidal Mastery","className":"missing"},{"href":"","text":"Breakdown","className":"missing"},{"href":"","text":"Eruption","className":"missing"},{"href":"","text":"Mercenaries","className":"missing"},{"href":"","text":"Replicator","className":"missing"},{"href":"","text":"Distress","className":"missing"},{"href":"","text":"Pummel","className":"missing"},{"href":"","text":"Slither","className":"missing"},{"href":"","text":"Turnaround","className":"missing"},{"href":"","text":"The Plague","className":"missing"},{"href":"","text":"Sleeper","className":"missing"},{"href":"","text":"Special Delivery","className":"missing"},{"href":"","text":"Tombstone","className":"missing"},{"href":"","text":"Crusher","className":"missing"},{"href":"","text":"Phyrexian Assault","className":"missing"},{"href":"","text":"Radiant's Revenge","className":"missing"},{"href":"","text":"Time Drain","className":"missing"},{"href":"","text":"Assassin","className":"missing"},{"href":"","text":"Battle Surge","className":"missing"},{"href":"","text":"Enchanter","className":"missing"},{"href":"","text":"Fiendish Nature","className":"missing"},{"href":"","text":"Deep Freeze","className":"missing"},{"href":"","text":"The Flames of Rath","className":"missing"},{"href":"","text":"The Slivers","className":"missing"},{"href":"","text":"The Swarm","className":"missing"},{"href":"","text":"Call of the Kor","className":"missing"},{"href":"","text":"Migraine","className":"missing"},{"href":"https://bit.ly/MTG-STH-The-Sparkler","text":"The Sparkler","className":""},{"href":"","text":"The Spikes","className":"missing"},{"href":"https://bit.ly/MTG-EXO-Dominator","text":"Dominator","className":""},{"href":"","text":"Groundbreaker","className":"missing"},{"href":"","text":"White Heat","className":"missing"},{"href":"","text":"Widowmaker","className":"missing"},{"href":"","text":"Cho-Manno's Resolve","className":"missing"},{"href":"","text":"Arcanis's Guile","className":"missing"},{"href":"","text":"Evincar's Tyranny","className":"missing"},{"href":"","text":"Kamahl's Temper","className":"missing"},{"href":"","text":"Molimo's Might","className":"missing"},{"href":"","text":"Army of Justice","className":"missing"},{"href":"","text":"Lofty Heights","className":"missing"},{"href":"","text":"Dead Again","className":"missing"},{"href":"","text":"World Aflame","className":"missing"},{"href":"","text":"Custom Creatures","className":"missing"},{"href":"","text":"Life Boost","className":"missing"},{"href":"","text":"Sky Slam","className":"missing"},{"href":"","text":"Expulsion","className":"missing"},{"href":"","text":"Speed Scorch","className":"missing"},{"href":"","text":"Heavy Hitters","className":"missing"},{"href":"","text":"Armada","className":"missing"},{"href":"","text":"Bomber","className":"missing"},{"href":"","text":"Decay","className":"missing"},{"href":"","text":"Infestation","className":"missing"},{"href":"","text":"Way Wild","className":"missing"},{"href":"","text":"Blinding Fury","className":"missing"},{"href":"","text":"Time Curse","className":"missing"},{"href":"","text":"Deadly Instinct","className":"missing"},{"href":"","text":"Goblin Assault","className":"missing"},{"href":"","text":"Impaler","className":"missing"},{"href":"","text":"Shu Kingdom","className":"missing"},{"href":"","text":"Wu Kingdom","className":"missing"},{"href":"","text":"Wei Kingdom","className":"missing"},{"href":"","text":"Martial Law","className":"missing"},{"href":"","text":"Spellweaver","className":"missing"},{"href":"","text":"Night Stalkers","className":"missing"},{"href":"","text":"Goblin Fire","className":"missing"},{"href":"","text":"Nature's Assault","className":"missing"},{"href":"https://bit.ly/MTG-M21-Starter","text":"Arena Starter Kit","className":""},{"href":"https://bit.ly/MTG-M20-Spellslinger","text":"Spellslinger Starter Kit","className":""},{"href":"https://bit.ly/MTG-Spellslinger-Starter","text":"Spellslinger Starter Kit","className":""},{"href":"","text":"9th Edition Core Game","className":"missing"},{"href":"","text":"8th Edition Core Game","className":"missing"},{"href":"","text":"7th Edition set","className":"missing"},{"href":"","text":"6th Edition set","className":"missing"},{"href":"","text":"5th Edition set","className":"missing"},{"href":"","text":"Starter 2000 Game Box","className":"missing"},{"href":"","text":"Starter 1999 Game Box","className":"missing"},{"href":"","text":"Portal Three Kingdoms set","className":"missing"},{"href":"","text":"Portal Second Age set","className":"missing"},{"href":"","text":"Portal set","className":"missing"},{"href":"","text":"Introductory Two-Player Set","className":"missing"},{"href":"","text":"Rivals Quick Start Set","className":"missing"},{"href":"https://bit.ly/MTG-M21-Welcome","text":"M21 Welcome Booster","className":""},{"href":"https://bit.ly/MTG-M20-Welcome-All","text":"ALL 5 DECKS","className":""},{"href":"https://bit.ly/MTG-M20-Welcome-White","text":"White","className":""},{"href":"https://bit.ly/MTG-M20-Welcome-Blue","text":"Blue","className":""},{"href":"https://bit.ly/MTG-M20-Welcome-Black","text":"Black","className":""},{"href":"https://bit.ly/MTG-M20-Welcome-Red","text":"Red","className":""},{"href":"https://bit.ly/MTG-M20-Welcome-Green","text":"Green","className":""},{"href":"","text":"ALL 5 DECKS","className":"missing"},{"href":"","text":"White","className":"missing"},{"href":"","text":"Blue","className":"missing"},{"href":"","text":"Black","className":"missing"},{"href":"","text":"Red","className":"missing"},{"href":"","text":"Green","className":"missing"},{"href":"","text":"ALL 5 DECKS","className":"missing"},{"href":"","text":"White","className":"missing"},{"href":"","text":"Blue","className":"missing"},{"href":"","text":"Black","className":"missing"},{"href":"","text":"Red","className":"missing"},{"href":"","text":"Green","className":"missing"},{"href":"","text":"ALL 5 DECKS","className":"missing"},{"href":"","text":"White","className":"missing"},{"href":"","text":"Blue","className":"missing"},{"href":"","text":"Black","className":"missing"},{"href":"","text":"Red","className":"missing"},{"href":"","text":"Green","className":"missing"},{"href":"","text":"ALL 5 DECKS","className":"missing"},{"href":"","text":"White","className":"missing"},{"href":"","text":"Blue","className":"missing"},{"href":"","text":"Black","className":"missing"},{"href":"","text":"Red","className":"missing"},{"href":"","text":"Green","className":"missing"},{"href":"","text":"ALL 5 DECKS","className":"missing"},{"href":"","text":"White","className":"missing"},{"href":"","text":"Blue","className":"missing"},{"href":"","text":"Black","className":"missing"},{"href":"","text":"Red","className":"missing"},{"href":"","text":"Green","className":"missing"},{"href":"","text":"ALL 5 DECKS","className":"missing"},{"href":"","text":"White","className":"missing"},{"href":"","text":"Blue","className":"missing"},{"href":"","text":"Black","className":"missing"},{"href":"","text":"Red","className":"missing"},{"href":"","text":"Green","className":"missing"},{"href":"","text":"ALL 5 DECKS","className":"missing"},{"href":"","text":"White","className":"missing"},{"href":"","text":"Blue","className":"missing"},{"href":"","text":"Black","className":"missing"},{"href":"","text":"Red","className":"missing"},{"href":"","text":"Green","className":"missing"},{"href":"","text":"ALL 10 DECKS","className":"missing"},{"href":"","text":"White (A)","className":"missing"},{"href":"","text":"White (B)","className":"missing"},{"href":"","text":"Blue (A)","className":"missing"},{"href":"","text":"Blue (B)","className":"missing"},{"href":"","text":"Black (A)","className":"missing"},{"href":"","text":"Black (B)","className":"missing"},{"href":"","text":"Red (A)","className":"missing"},{"href":"","text":"Red (B)","className":"missing"},{"href":"","text":"Green (A)","className":"missing"},{"href":"","text":"Green (B)","className":"missing"},{"href":"","text":"ALL 10 DECKS","className":"missing"},{"href":"","text":"White (A)","className":"missing"},{"href":"","text":"White (B)","className":"missing"},{"href":"","text":"Blue (A)","className":"missing"},{"href":"","text":"Blue (B)","className":"missing"},{"href":"","text":"Black (A)","className":"missing"},{"href":"","text":"Black (B)","className":"missing"},{"href":"","text":"Red (A)","className":"missing"},{"href":"","text":"Red (B)","className":"missing"},{"href":"","text":"Green (A)","className":"missing"},{"href":"","text":"Green (B)","className":"missing"},{"href":"","text":"ALL 10 DECKS","className":"missing"},{"href":"","text":"White (A)","className":"missing"},{"href":"","text":"White (B)","className":"missing"},{"href":"","text":"Blue (A)","className":"missing"},{"href":"","text":"Blue (B)","className":"missing"},{"href":"","text":"Black (A)","className":"missing"},{"href":"","text":"Black (B)","className":"missing"},{"href":"","text":"Red (A)","className":"missing"},{"href":"","text":"Red (B)","className":"missing"},{"href":"","text":"Green (A)","className":"missing"},{"href":"","text":"Green (B)","className":"missing"},{"href":"https://bit.ly/MTG-THB-Toolkit","text":"Theros Beyond Death","className":""},{"href":"https://bit.ly/MTG-M20-Toolkit","text":"Core Set 2020","className":""},{"href":"https://bit.ly/MTG-RNA-Toolkit","text":"Ravnica Allegiance","className":""},{"href":"https://bit.ly/MTG-M19-Toolkit","text":"Core Set 2019","className":""},{"href":"https://bit.ly/MTG-Challenger2020-All","text":"ALL 4 DECKS","className":""},{"href":"https://bit.ly/MTG-Allied-Fires","text":"Allied Fires","className":""},{"href":"https://bit.ly/MTG-Cavalcade-Charge","text":"Cavalcade Charge","className":""},{"href":"https://bit.ly/MTG-Final-Adventure","text":"Final Adventure","className":""},{"href":"https://bit.ly/MTG-Flash-of-Ferocity","text":"Flash of Ferocity","className":""},{"href":"https://bit.ly/MTG-Challenger2019-All","text":"ALL 4 DECKS","className":""},{"href":"https://bit.ly/MTG-United-Assault","text":"United Assault","className":""},{"href":"https://bit.ly/MTG-Lightning-Aggro","text":"Lightning Aggro","className":""},{"href":"https://bit.ly/MTG-Deadly-Discovery","text":"Deadly Discovery","className":""},{"href":"https://bit.ly/MTG-Arcane-Tempo","text":"Arcane Tempo","className":""},{"href":"https://bit.ly/MTG-Challenger-Awakening-Earth","text":"Awakening Earth","className":""},{"href":"https://bit.ly/MTG-Challenger-Song-Dance","text":"Song Dance","className":""},{"href":"https://bit.ly/MTG-Challenger2018-All","text":"ALL 4 DECKS","className":""},{"href":"https://bit.ly/MTG-Hazoret-Aggro","text":"Hazoret Aggro","className":""},{"href":"https://bit.ly/MTG-Vehicle-Rush","text":"Vehicle Rush","className":""},{"href":"https://bit.ly/MTG-Second-Sun-Control","text":"Second Sun Control","className":""},{"href":"https://bit.ly/MTG-Counter-Surge","text":"Counter Surge","className":""},{"href":"https://bit.ly/MTG-ORI-Clash","text":"Armed & Dangerous","className":""},{"href":"https://bit.ly/MTG-FRF-Clash","text":"Power & Profit","className":""},{"href":"https://bit.ly/MTG-M15-Clash","text":"Fate & Fury","className":""},{"href":"https://bit.ly/MTG-BFZ-Ultimate-Sacrifice","text":"Ultimate Sacrifice","className":""},{"href":"https://bit.ly/MTG-DTK-Landslide-Charge","text":"Landslide Charge","className":""},{"href":"https://bit.ly/MTG-KTK-Conquering-Hordes","text":"Conquering Hordes","className":""},{"href":"https://bit.ly/MTG-JOU-Wrath-of-Mortals","text":"Wrath of the Mortals","className":""},{"href":"https://bit.ly/MTG-BNG-Underworld-Herald","text":"Underworld Herald","className":""},{"href":"https://bit.ly/MTG-THS-Inspiring-Heroics","text":"Inspiring Heroics","className":""},{"href":"https://bit.ly/MTG-M14-Rush-of-the-Wild","text":"Rush of the Wild","className":""},{"href":"https://bit.ly/MTG-DGM-Strength-of-Selesnya","text":"Strength of Selesnya","className":""},{"href":"https://bit.ly/MTG-GTC-Rally-and-Rout","text":"Rally & Rout","className":""},{"href":"https://bit.ly/MTG-GTC-Thrive-and-Thrash","text":"Thrive & Thrash","className":""},{"href":"https://bit.ly/MTG-RTR-Creep-and-Conquer","text":"Creep & Conquer","className":""},{"href":"https://bit.ly/MTG-RTR-Wrack-and-Rage","text":"Wrack & Rage","className":""},{"href":"https://bit.ly/MTG-M13-Sweet-Revenge","text":"Sweet Revenge","className":""},{"href":"https://bit.ly/MTG-M13-Repeat-Performance","text":"Repeat Performance","className":""},{"href":"https://bit.ly/MTG-AVR-Humanitys-Vengeance","text":"Humanity's Vengeance","className":""},{"href":"https://bit.ly/MTG-AVR-Deaths-Encroach","text":"Death's Encroach","className":""},{"href":"https://bit.ly/MTG-DKA-Gleeful-Flames","text":"Gleeful Flames","className":"unverified"},{"href":"https://bit.ly/MTG-DKA-Spiraling-Doom","text":"Spiraling Doom","className":""},{"href":"https://bit.ly/MTG-ISD-Hold-the-Line","text":"Hold the Line","className":"unverified"},{"href":"https://bit.ly/MTG-ISD-Deathfed","text":"Deathfed","className":"unverified"},{"href":"https://bit.ly/MTG-M12-Illusionary-Might","text":"Illusionary Might","className":""},{"href":"https://bit.ly/MTG-M12-Vampire-Onslaught","text":"Vampire Onslaught","className":""},{"href":"https://bit.ly/MTG-NPH-War-of-Attrition","text":"War of Attrition","className":""},{"href":"https://bit.ly/MTG-NPH-Rot-from-Within","text":"Rot from Within","className":"unverified"},{"href":"https://bit.ly/MTG-MBS-Into-the-Breach","text":"Into the Breach","className":"unverified"},{"href":"https://bit.ly/MTG-MBS-Infect-and-Defile","text":"Infect & Defile","className":"unverified"},{"href":"https://bit.ly/MTG-CMR-Armed","text":"Armed for Combat","className":""},{"href":"https://bit.ly/MTG-CMR-Reap","text":"Reap the Tides","className":""},{"href":"https://bit.ly/MTG-ZNC-Lands-Wrath","text":"Land's Wrath","className":""},{"href":"https://bit.ly/MTG-ZNC-Sneak-Attack","text":"Sneak Attack","className":""},{"href":"https://bit.ly/MTG-C20-All-Decks","text":"ALL 5 DECKS","className":""},{"href":"https://bit.ly/MTG-C20-Arcane-Maelstrom","text":"Arcane Maelstrom","className":""},{"href":"https://bit.ly/MTG-C20-Enhanced-Evolution","text":"Enhanced Evolution","className":""},{"href":"https://bit.ly/MTG-C20-Ruthless-Regiment","text":"Ruthless Regiment","className":""},{"href":"https://bit.ly/MTG-C20-Symbiotic-Swarm","text":"Symbiotic Swarm","className":""},{"href":"https://bit.ly/MTG-C20-Timeless-Wisdom","text":"Timeless Wisdom","className":""},{"href":"https://bit.ly/MTG-C19-All-Decks","text":"ALL 4 DECKS","className":""},{"href":"https://bit.ly/MTG-C19-Faceless-Menace","text":"Faceless Menace","className":""},{"href":"https://bit.ly/MTG-C19-Merciless-Rage","text":"Merciless Rage","className":""},{"href":"https://bit.ly/MTG-C19-Mystic-Intellect","text":"Mystic Intellect","className":""},{"href":"https://bit.ly/MTG-C19-Primal-Genesis","text":"Primal Genesis","className":""},{"href":"https://bit.ly/MTG-C18-All-Decks","text":"ALL 4 DECKS","className":""},{"href":"https://bit.ly/MTG-C18-Adaptive-Enchantment","text":"Adaptive Enchantment","className":""},{"href":"https://bit.ly/MTG-C18-Exquisite-Invention","text":"Exquisite Invention","className":""},{"href":"https://bit.ly/MTG-C18-Natures-Vengeance","text":"Nature's Vengeance","className":""},{"href":"https://bit.ly/MTG-C18-Subjective-Reality","text":"Subjective Reality","className":""},{"href":"https://bit.ly/MTG-CMD-Anth2-Box-Set","text":"FULL BOX SET","className":""},{"href":"https://bit.ly/MTG-CMD-Anth2-Devour-for-Power","text":"Devour for Power","className":""},{"href":"https://bit.ly/MTG-CMD-Anth2-Built-from-Scratch","text":"Built from Scratch","className":""},{"href":"https://bit.ly/MTG-CMD-Anth2-Wade-into-Battle","text":"Wade into Battle","className":""},{"href":"https://bit.ly/MTG-CMD-Anth2-Breed-Lethality","text":"Breed Lethality","className":""},{"href":"https://bit.ly/MTG-C17-All-Decks","text":"ALL 4 DECKS","className":""},{"href":"https://bit.ly/MTG-C17-Draconic-Domination","text":"Draconic Domination","className":""},{"href":"https://bit.ly/MTG-C17-Feline-Ferocity","text":"Feline Ferocity","className":""},{"href":"https://bit.ly/MTG-C17-Vampiric-Bloodlust","text":"Vampiric Bloodlust","className":""},{"href":"https://bit.ly/MTG-C17-Arcane-Wizardry","text":"Arcane Wizardry","className":""},{"href":"https://bit.ly/MTG-CMD-Anth-Box-Set","text":"FULL BOX SET","className":""},{"href":"https://bit.ly/MTG-CMD-Anth-Heavenly-Inferno","text":"Heavenly Inferno","className":""},{"href":"https://bit.ly/MTG-CMD-Anth-Evasive-Maneuvers","text":"Evasive Maneuvers","className":""},{"href":"https://bit.ly/MTG-CMD-Anth-Guided-by-Nature","text":"Guided by Nature","className":""},{"href":"https://bit.ly/MTG-CMD-Anth-Plunder-the-Graves","text":"Plunder the Graves","className":""},{"href":"https://bit.ly/MTG-C16-All-Decks","text":"ALL 5 DECKS","className":""},{"href":"https://bit.ly/MTG-C16-Entropic-Uprising","text":"Entropic Uprising","className":""},{"href":"https://bit.ly/MTG-C16-Open-Hostility","text":"Open Hostility","className":""},{"href":"https://bit.ly/MTG-C16-Stalwart-Unity","text":"Stalwart Unity","className":""},{"href":"https://bit.ly/MTG-C16-Breed-Lethality","text":"Breed Lethality","className":""},{"href":"https://bit.ly/MTG-C16-Invent-Superiority","text":"Invent Superiority","className":""},{"href":"https://bit.ly/MTG-C15-All-Decks","text":"ALL 5 DECKS","className":""},{"href":"https://bit.ly/MTG-C15-Call-the-Spirits","text":"Call the Spirits","className":""},{"href":"https://bit.ly/MTG-C15-Plunder-the-Graves","text":"Plunder the Graves","className":""},{"href":"https://bit.ly/MTG-C15-Seize-Control","text":"Seize Control","className":""},{"href":"https://bit.ly/MTG-C15-Swell-the-Host","text":"Swell the Host","className":""},{"href":"https://bit.ly/MTG-C15-Wade-into-Battle","text":"Wade into Battle","className":""},{"href":"https://bit.ly/MTG-C14-All-Decks","text":"ALL 5 DECKS","className":""},{"href":"https://bit.ly/MTG-C14-Forged-in-Stone","text":"Forged in Stone","className":""},{"href":"https://bit.ly/MTG-C14-Peer-Through-Time","text":"Peer Through Time","className":""},{"href":"https://bit.ly/MTG-C14-Sworn-to-Darkness","text":"Sworn to Darkness","className":""},{"href":"https://bit.ly/MTG-C14-Built-from-Scratch","text":"Built from Scratch","className":""},{"href":"https://bit.ly/MTG-C14-Guided-by-Nature","text":"Guided by Nature","className":""},{"href":"https://bit.ly/MTG-C13-All-Decks","text":"ALL 5 DECKS","className":""},{"href":"https://bit.ly/MTG-C13-Evasive-Maneuvers","text":"Evasive Maneuvers","className":""},{"href":"https://bit.ly/MTG-C13-Eternal-Bargain","text":"Eternal Bargain","className":""},{"href":"https://bit.ly/MTG-C13-Mind-Seize","text":"Mind Seize","className":""},{"href":"https://bit.ly/MTG-C13-Power-Hungry","text":"Power Hungry","className":""},{"href":"https://bit.ly/MTG-C13-Nature-of-the-Beast","text":"Nature of the Beast","className":""},{"href":"https://bit.ly/MTG-CMD-All-Decks","text":"ALL 5 DECKS","className":""},{"href":"https://bit.ly/MTG-CMD-Heavenly-Inferno","text":"Heavenly Inferno","className":""},{"href":"https://bit.ly/MTG-CMD-Mirror-Mastery","text":"Mirror Mastery","className":""},{"href":"https://bit.ly/MTG-CMD-Counterpunch","text":"Counterpunch","className":""},{"href":"https://bit.ly/MTG-CMD-Political-Puppets","text":"Political Puppets","className":""},{"href":"https://bit.ly/MTG-CMD-Devour-for-Power","text":"Devour for Power","className":""},{"href":"https://bit.ly/MTG-Archenemy2-Box-Set","text":"FULL BOX SET+ schemes & tokens","className":""},{"href":"https://bit.ly/MTG-Archenemy2-Nicol-Bolas","text":"Nicol Bolas+ 20 schemes","className":""},{"href":"https://bit.ly/MTG-Archenemy2-Gideon-Jura","text":"Gideon Jura","className":""},{"href":"https://bit.ly/MTG-Archenemy2-Chandra-Nalaar","text":"Chandra Nalaar","className":""},{"href":"https://bit.ly/MTG-Archenemy2-Nissa-Revane","text":"Nissa Revane","className":""},{"href":"https://bit.ly/MTG-Archenemy-All-Decks","text":"ALL 4 DECKS","className":""},{"href":"https://bit.ly/MTG-Archenemy-Bring-About","text":"Bring About the Undead Apocalypse","className":""},{"href":"https://bit.ly/MTG-Archenemy-Assemble","text":"Assemble the Doomsday Machine","className":""},{"href":"https://bit.ly/MTG-Archenemy-Trample","text":"Trample Civilization Underfoot","className":""},{"href":"https://bit.ly/MTG-Archenemy-Scorch","text":"Scorch the World with Dragonfire","className":""},{"href":"https://bit.ly/MTG-Planechase-Anth-Box-Set","text":"FULL BOX SETincl. 35 tokens","className":""},{"href":"https://bit.ly/MTG-Planechase-Anth-Chaos","text":"Chaos Reigns","className":""},{"href":"https://bit.ly/MTG-Planechase-Anth-Night","text":"Night of the Ninja","className":""},{"href":"https://bit.ly/MTG-Planechase-Anth-Primordial","text":"Primordial Hunger","className":""},{"href":"https://bit.ly/MTG-Planechase-Anth-Savage","text":"Savage Auras","className":""},{"href":"https://bit.ly/MTG-Planechase-Anth-Planes","text":"Planes / Phenomena","className":""},{"href":"https://bit.ly/MTG-Planechase-2012-All-Decks","text":"ALL 4 DECKS","className":""},{"href":"https://bit.ly/MTG-Planechase-2012-Chaos","text":"Chaos Reigns","className":""},{"href":"https://bit.ly/MTG-Planechase-2012-Night","text":"Night of the Ninja","className":""},{"href":"https://bit.ly/MTG-Planechase-2012-Primordial","text":"Primordial Hunger","className":""},{"href":"https://bit.ly/MTG-Planechase-2012-Savage","text":"Savage Auras","className":""},{"href":"https://bit.ly/MTG-Planechase-2009-All-Decks","text":"ALL 4 DECKS","className":""},{"href":"https://bit.ly/MTG-Planechase-2009-Elemental","text":"Elemental Thunder","className":""},{"href":"https://bit.ly/MTG-Planechase-2009-Metallic","text":"Metallic Dreams","className":""},{"href":"https://bit.ly/MTG-Planechase-2009-Strike","text":"Strike Force","className":""},{"href":"https://bit.ly/MTG-Planechase-2009-Zombie","text":"Zombie Empire","className":""},{"href":"https://bit.ly/MTG-Duel-Decks-Anthology","text":"Duel Decks Anthology","className":""},{"href":"https://bit.ly/MTG-Global-Jiang-and-Mu","text":"Jiang Yanggu vs. Mu Yanling","className":""},{"href":"https://bit.ly/MTG-Duel-Elves-v-Inventors","text":"Elves vs. Inventors","className":""},{"href":"https://bit.ly/MTG-Duel-Merfolk-v-Goblins","text":"Merfolk vs. Goblins","className":""},{"href":"https://bit.ly/MTG-Duel-Mind-v-Might","text":"Mind vs. Might","className":""},{"href":"https://bit.ly/MTG-Duel-Nissa-v-Ob-Nixilis","text":"Nissa vs. Ob Nixilis","className":""},{"href":"https://bit.ly/MTG-Duel-Blessed-v-Cursed","text":"Blessed vs. Cursed","className":""},{"href":"https://bit.ly/MTG-Duel-Zendikar-v-Eldrazi","text":"Zendikar vs. Eldrazi","className":""},{"href":"https://bit.ly/MTG-Duel-Elspeth-v-Kiora","text":"Elspeth vs. Kiora","className":""},{"href":"https://bit.ly/MTG-Duel-Speed-v-Cunning","text":"Speed vs. Cunning","className":""},{"href":"https://bit.ly/MTG-Duel-Jace-v-Vraska","text":"Jace vs. Vraska","className":""},{"href":"https://bit.ly/MTG-Duel-Heroes-v-Monsters","text":"Heroes vs. Monsters","className":""},{"href":"https://bit.ly/MTG-Duel-Sorin-v-Tibalt","text":"Sorin vs. Tibalt","className":""},{"href":"https://bit.ly/MTG-Duel-Izzet-v-Golgari","text":"Izzet vs. Golgari","className":""},{"href":"https://bit.ly/MTG-Duel-Venser-v-Koth","text":"Venser vs. Koth","className":""},{"href":"https://bit.ly/MTG-Duel-Ajani-v-Nicol-Bolas","text":"Ajani vs. Nicol Bolas","className":""},{"href":"https://bit.ly/MTG-Duel-Knights-v-Dragons","text":"Knights vs. Dragons","className":""},{"href":"https://bit.ly/MTG-Duel-Elspeth-v-Tezzeret","text":"Elspeth vs. Tezzeret","className":""},{"href":"https://bit.ly/MTG-Duel-Phyrexia-v-Coalition","text":"Phyrexia vs. The Coalition","className":""},{"href":"https://bit.ly/MTG-Duel-Garruk-v-Liliana","text":"Garruk vs. Liliana","className":""},{"href":"https://bit.ly/MTG-Duel-Divine-v-Demonic","text":"Divine vs. Demonic","className":""},{"href":"https://bit.ly/MTG-Duel-Jace-v-Chandra","text":"Jace vs. Chandra","className":"unverified"},{"href":"https://bit.ly/MTG-Duel-Elves-v-Goblins","text":"Elves vs. Goblins","className":"unverified"},{"href":"https://bit.ly/MTG-PDS-Graveborn","text":"Graveborn","className":""},{"href":"https://bit.ly/MTG-PDS-Fire-and-Lightning","text":"Fire and Lightning","className":""},{"href":"https://bit.ly/MTG-PDS-Slivers","text":"Slivers","className":""},{"href":"https://bit.ly/MTG-JMP-W-Basri","text":"Basri","className":"unverified"},{"href":"https://bit.ly/MTG-JMP-W-Unicorns","text":"Unicorns","className":"unverified"},{"href":"https://bit.ly/MTG-JMP-W-Angels1","text":"Angels 1Baneslayer Angel","className":"block unverified"},{"href":"https://bit.ly/MTG-JMP-W-Angels2","text":"Angels 2Linvala, Keeper of Silence","className":"block unverified"},{"href":"https://bit.ly/MTG-JMP-W-Dogs1","text":"Dogs 1Selfless Savior","className":"block unverified"},{"href":"https://bit.ly/MTG-JMP-W-Dogs2","text":"Dogs 2Isamaru, Hound of Konda","className":"block unverified"},{"href":"https://bit.ly/MTG-JMP-W-Enchanted1","text":"Enchanted 1Kor Spiritdancer","className":"block unverified"},{"href":"https://bit.ly/MTG-JMP-W-Enchanted2","text":"Enchanted 2Celestial Mantle","className":"block unverified"},{"href":"https://bit.ly/MTG-JMP-W-Doctor1","text":"Doctor 1Take Heart","className":"block unverified"},{"href":"https://bit.ly/MTG-JMP-W-Doctor2","text":"Doctor 2Secure the Scene","className":"block unverified"},{"href":"https://bit.ly/MTG-JMP-W-Doctor3","text":"Doctor 3Rhox Faithmender","className":"block unverified"},{"href":"https://bit.ly/MTG-JMP-W-Doctor4","text":"Doctor 4Cradle of Vitality","className":"block unverified"},{"href":"https://bit.ly/MTG-JMP-W-Feathered1","text":"Feathered Friends 1Moment of Heroism","className":"block unverified"},{"href":"https://bit.ly/MTG-JMP-W-Feathered2","text":"Feathered Friends 2Tandem Tactics","className":"block unverified"},{"href":"https://bit.ly/MTG-JMP-W-Feathered3","text":"Feathered Friends 3Angel of the Dire Hour","className":"block unverified"},{"href":"https://bit.ly/MTG-JMP-W-Feathered4","text":"Feathered Friends 4Archon of Justice","className":"block unverified"},{"href":"https://bit.ly/MTG-JMP-W-Armored1","text":"Heavily Armored 1Feat of Resistance","className":"block unverified"},{"href":"https://bit.ly/MTG-JMP-W-Armored2","text":"Heavily Armored 2Gird for Battle","className":"block unverified"},{"href":"https://bit.ly/MTG-JMP-W-Armored3","text":"Heavily Armored 3Mikaeus, the Lunarch","className":"block unverified"},{"href":"https://bit.ly/MTG-JMP-W-Armored4","text":"Heavily Armored 4Duelist's Heritage","className":"block unverified"},{"href":"https://bit.ly/MTG-JMP-W-Legion1","text":"Legion 1Blessed Sanctuary","className":"block unverified"},{"href":"https://bit.ly/MTG-JMP-W-Legion2","text":"Legion 2Inspiring Captain","className":"block unverified"},{"href":"https://bit.ly/MTG-JMP-W-Legion3","text":"Legion 3Fortify + Glorious Anthem","className":"block unverified"},{"href":"https://bit.ly/MTG-JMP-W-Legion4","text":"Legion 4Lena, Selfless Champion","className":"block unverified"},{"href":"https://bit.ly/MTG-JMP-U-Teferi","text":"Teferi","className":"unverified"},{"href":"https://bit.ly/MTG-JMP-U-Milling","text":"Milling","className":"unverified"},{"href":"https://bit.ly/MTG-JMP-U-Pirates1","text":"Pirates 1Coastal Piracy","className":"block unverified"},{"href":"https://bit.ly/MTG-JMP-U-Pirates2","text":"Pirates 2Curious Obsession","className":"block unverified"},{"href":"https://bit.ly/MTG-JMP-U-Spirits1","text":"Spirits 1Essence Flux","className":"block unverified"},{"href":"https://bit.ly/MTG-JMP-U-Spirits2","text":"Spirits 2Rattlechains","className":"block unverified"},{"href":"https://bit.ly/MTG-JMP-U-Sea1","text":"Under the Sea 1Tolarian Kraken","className":"block unverified"},{"href":"https://bit.ly/MTG-JMP-U-Sea2","text":"Under the Sea 2Whelming Wave","className":"block unverified"},{"href":"https://bit.ly/MTG-JMP-U-Clouds1","text":"Above the Clouds 1Inniaz, the Gale Force + Warden of Evos Isle","className":"block unverified"},{"href":"https://bit.ly/MTG-JMP-U-Clouds2","text":"Above the Clouds 2Serendib Efreet","className":"block unverified"},{"href":"https://bit.ly/MTG-JMP-U-Clouds3","text":"Above the Clouds 3Windreader Sphinx","className":"block unverified"},{"href":"https://bit.ly/MTG-JMP-U-Clouds4","text":"Above the Clouds 4Kira, Great Glass-Spinner","className":"block unverified"},{"href":"https://bit.ly/MTG-JMP-U-Archaeology1","text":"Archaeology 1Chromatic Sphere","className":"block unverified"},{"href":"https://bit.ly/MTG-JMP-U-Archaeology2","text":"Archaeology 2Dreamstone Hedron","className":"block unverified"},{"href":"https://bit.ly/MTG-JMP-U-Archaeology3","text":"Archaeology 3Vedalken Archmage","className":"block unverified"},{"href":"https://bit.ly/MTG-JMP-U-Archaeology4","text":"Archaeology 4Scarecrone","className":"block unverified"},{"href":"https://bit.ly/MTG-JMP-U-WellRead1","text":"Well-Read 1Ormos, Archive Keeper + Narcolepsy","className":"block unverified"},{"href":"https://bit.ly/MTG-JMP-U-WellRead2","text":"Well-Read 2Arcane Encyclopedia","className":"block unverified"},{"href":"https://bit.ly/MTG-JMP-U-WellRead3","text":"Well-Read 3Rhystic Study","className":"block unverified"},{"href":"https://bit.ly/MTG-JMP-U-WellRead4","text":"Well-Read 4Mystic Archaeologist","className":"block unverified"},{"href":"https://bit.ly/MTG-JMP-U-Wizards1","text":"Wizards 1Befuddle","className":"block unverified"},{"href":"https://bit.ly/MTG-JMP-U-Wizards2","text":"Wizards 2Riptide Laboratory","className":"block unverified"},{"href":"https://bit.ly/MTG-JMP-U-Wizards3","text":"Wizards 3Unsubstantiate","className":"block unverified"},{"href":"https://bit.ly/MTG-JMP-U-Wizards4","text":"Wizards 4Barrin, Tolarian Archmage","className":"block unverified"},{"href":"https://bit.ly/MTG-JMP-B-Liliana","text":"Liliana","className":"unverified"},{"href":"https://bit.ly/MTG-JMP-B-Phyrexian","text":"Phyrexian","className":"unverified"},{"href":"https://bit.ly/MTG-JMP-B-Discarding1","text":"Discarding 1Tinybones, Trinket Thief","className":"block unverified"},{"href":"https://bit.ly/MTG-JMP-B-Discarding2","text":"Discarding 2Nyxathid","className":"block unverified"},{"href":"https://bit.ly/MTG-JMP-B-Rogues1","text":"Rogues 1Gonti, Lord of Luxury","className":"block unverified"},{"href":"https://bit.ly/MTG-JMP-B-Rogues2","text":"Rogues 2Corpse Traders","className":"block unverified"},{"href":"https://bit.ly/MTG-JMP-B-Witchcraft1","text":"Witchcraft 1Witch's Cauldron","className":"block unverified"},{"href":"https://bit.ly/MTG-JMP-B-Witchcraft2","text":"Witchcraft 2Blood Divination","className":"block unverified"},{"href":"https://bit.ly/MTG-JMP-B-Minions1","text":"Minions 1Bone Picker","className":"block unverified"},{"href":"https://bit.ly/MTG-JMP-B-Minions2","text":"Minions 2Eternal Taskmaster","className":"block unverified"},{"href":"https://bit.ly/MTG-JMP-B-Minions3","text":"Minions 3Phyrexian Tower","className":"block unverified"},{"href":"https://bit.ly/MTG-JMP-B-Minions4","text":"Minions 4Ghoulcaller Gisa","className":"block unverified"},{"href":"https://bit.ly/MTG-JMP-B-Reanimated1","text":"Reanimated 1Archfiend's Vessel","className":"block unverified"},{"href":"https://bit.ly/MTG-JMP-B-Reanimated2","text":"Reanimated 2Macabre Waltz","className":"block unverified"},{"href":"https://bit.ly/MTG-JMP-B-Reanimated3","text":"Reanimated 3Scourge of Nel Toth","className":"block unverified"},{"href":"https://bit.ly/MTG-JMP-B-Reanimated4","text":"Reanimated 4Rise of the Dark Realms","className":"block unverified"},{"href":"https://bit.ly/MTG-JMP-B-Spooky1","text":"Spooky 1Liliana's Standard Bearer","className":"block unverified"},{"href":"https://bit.ly/MTG-JMP-B-Spooky2","text":"Spooky 2Harvester of Souls","className":"block unverified"},{"href":"https://bit.ly/MTG-JMP-B-Spooky3","text":"Spooky 3Ogre Slumlord","className":"block unverified"},{"href":"https://bit.ly/MTG-JMP-B-Spooky4","text":"Spooky 4Black Market","className":"block unverified"},{"href":"https://bit.ly/MTG-JMP-B-Vampires1","text":"Vampires 1Blood Artist","className":"block unverified"},{"href":"https://bit.ly/MTG-JMP-B-Vampires2","text":"Vampires 2Blood Host","className":"block unverified"},{"href":"https://bit.ly/MTG-JMP-B-Vampires3","text":"Vampires 3Exquisite Blood","className":"block unverified"},{"href":"https://bit.ly/MTG-JMP-B-Vampires4","text":"Vampires 4Drana, Liberator of Malakir","className":"block unverified"},{"href":"https://bit.ly/MTG-JMP-R-Chandra","text":"Chandra","className":"unverified"},{"href":"https://bit.ly/MTG-JMP-R-Seismic","text":"Seismic","className":"unverified"},{"href":"https://bit.ly/MTG-JMP-R-Dragons1","text":"Dragons 1Terror of the Peaks","className":"block unverified"},{"href":"https://bit.ly/MTG-JMP-R-Dragons2","text":"Dragons 2Lathliss, Dragon Queen","className":"block unverified"},{"href":"https://bit.ly/MTG-JMP-R-Lightning1","text":"Lightning 1Lightning Bolt","className":"block unverified"},{"href":"https://bit.ly/MTG-JMP-R-Lightning2","text":"Lightning 2Ball Lightning","className":"block unverified"},{"href":"https://bit.ly/MTG-JMP-R-Minotaurs1","text":"Minotaurs 1Herald's Horn","className":"block unverified"},{"href":"https://bit.ly/MTG-JMP-R-Minotaurs2","text":"Minotaurs 2Rageblood Shaman","className":"block unverified"},{"href":"https://bit.ly/MTG-JMP-R-Devilish1","text":"Devilish 1Forge Devil","className":"block unverified"},{"href":"https://bit.ly/MTG-JMP-R-Devilish2","text":"Devilish 2Tibalt's Rager","className":"block unverified"},{"href":"https://bit.ly/MTG-JMP-R-Devilish3","text":"Devilish 3Brash Taunter","className":"block unverified"},{"href":"https://bit.ly/MTG-JMP-R-Devilish4","text":"Devilish 4Hellrider","className":"block unverified"},{"href":"https://bit.ly/MTG-JMP-R-Goblins1","text":"Goblins 1Muxus, Goblin Grandee + Shock","className":"block unverified"},{"href":"https://bit.ly/MTG-JMP-R-Goblins2","text":"Goblins 2Battle-Rattle Shaman","className":"block unverified"},{"href":"https://bit.ly/MTG-JMP-R-Goblins3","text":"Goblins 3Goblin Chieftain","className":"block unverified"},{"href":"https://bit.ly/MTG-JMP-R-Goblins4","text":"Goblins 4Krenko, Mob Boss","className":"block unverified"},{"href":"https://bit.ly/MTG-JMP-R-Smashing1","text":"Smashing 1Flametongue Kavu","className":"block unverified"},{"href":"https://bit.ly/MTG-JMP-R-Smashing2","text":"Smashing 2Flames of the Raze-Boar","className":"block unverified"},{"href":"https://bit.ly/MTG-JMP-R-Smashing3","text":"Smashing 3Sarkhan's Unsealing","className":"block unverified"},{"href":"https://bit.ly/MTG-JMP-R-Smashing4","text":"Smashing 4Etali, Primal Storm","className":"block unverified"},{"href":"https://bit.ly/MTG-JMP-R-Spellcasting1","text":"Spellcasting 1Blindblast","className":"block unverified"},{"href":"https://bit.ly/MTG-JMP-R-Spellcasting2","text":"Spellcasting 2Young Pyromancer","className":"block unverified"},{"href":"https://bit.ly/MTG-JMP-R-Spellcasting3","text":"Spellcasting 3Dualcaster Mage","className":"block unverified"},{"href":"https://bit.ly/MTG-JMP-R-Spellcasting4","text":"Spellcasting 4Immolating Gyre","className":"block unverified"},{"href":"https://bit.ly/MTG-JMP-G-Garruk","text":"Garruk","className":"unverified"},{"href":"https://bit.ly/MTG-JMP-G-Walls","text":"Walls","className":"unverified"},{"href":"https://bit.ly/MTG-JMP-G-Cats1","text":"Cats 1Pouncing Cheetah","className":"block unverified"},{"href":"https://bit.ly/MTG-JMP-G-Cats2","text":"Cats 2Lurking Predators","className":"block unverified"},{"href":"https://bit.ly/MTG-JMP-G-Elves1","text":"Elves 1Craterhoof Behemoth","className":"block unverified"},{"href":"https://bit.ly/MTG-JMP-G-Elves2","text":"Elves 2Allosaurus Shepherd","className":"block unverified"},{"href":"https://bit.ly/MTG-JMP-G-Lands1","text":"Lands 1Ulvenwald Hydra","className":"block unverified"},{"href":"https://bit.ly/MTG-JMP-G-Lands2","text":"Lands 2Oracle of Mul Daya","className":"block unverified"},{"href":"https://bit.ly/MTG-JMP-G-Dinosaurs1","text":"Dinosaurs 1Setessan Training","className":"block unverified"},{"href":"https://bit.ly/MTG-JMP-G-Dinosaurs2","text":"Dinosaurs 2Titanic Growth","className":"block unverified"},{"href":"https://bit.ly/MTG-JMP-G-Dinosaurs3","text":"Dinosaurs 3Selvala, Heart of the Wilds","className":"block unverified"},{"href":"https://bit.ly/MTG-JMP-G-Dinosaurs4","text":"Dinosaurs 4Rampaging Brontodon","className":"block unverified"},{"href":"https://bit.ly/MTG-JMP-G-Plus1","text":"Plus One 1Primeval Bounty","className":"block unverified"},{"href":"https://bit.ly/MTG-JMP-G-Plus2","text":"Plus One 2Armorcraft Judge + Branching Evolution","className":"block unverified"},{"href":"https://bit.ly/MTG-JMP-G-Plus3","text":"Plus One 3Rishkar, Peema Renegade","className":"block unverified"},{"href":"https://bit.ly/MTG-JMP-G-Plus4","text":"Plus One 4Champion of Lambholt","className":"block unverified"},{"href":"https://bit.ly/MTG-JMP-G-Predatory1","text":"Predatory 1Neyith of the Dire Hunt + Somberwald Stag","className":"block unverified"},{"href":"https://bit.ly/MTG-JMP-G-Predatory2","text":"Predatory 2Affectionate Indrik + Gingerbrute","className":"block unverified"},{"href":"https://bit.ly/MTG-JMP-G-Predatory3","text":"Predatory 3Thragtusk","className":"block unverified"},{"href":"https://bit.ly/MTG-JMP-G-Predatory4","text":"Predatory 4Ravenous Baloth","className":"block unverified"},{"href":"https://bit.ly/MTG-JMP-G-TreeHugging1","text":"Tree-Hugging 1Ambassador Oak + Primordial Sage","className":"block unverified"},{"href":"https://bit.ly/MTG-JMP-G-TreeHugging2","text":"Tree-Hugging 2Aggressive Urge + Wildsize","className":"block unverified"},{"href":"https://bit.ly/MTG-JMP-G-TreeHugging3","text":"Tree-Hugging 3Jolrael, Mwonvuli Recluse","className":"block unverified"},{"href":"https://bit.ly/MTG-JMP-G-TreeHugging4","text":"Tree-Hugging 4Soul of the Harvest","className":"block unverified"},{"href":"https://bit.ly/MTG-JMP-Rainbow","text":"Rainbow","className":"unverified"},{"href":"https://bit.ly/MTG-Unsanctioned","text":"Unsanctioned Box Set","className":""},{"href":"https://bit.ly/MTG-ELD-Brawl-All","text":"ALL 4 DECKS","className":""},{"href":"https://bit.ly/MTG-ELD-Brawl-Faerie-Schemes","text":"Faerie Schemes","className":""},{"href":"https://bit.ly/MTG-ELD-Brawl-Knights-Charge","text":"Knights' Charge","className":""},{"href":"https://bit.ly/MTG-ELD-Brawl-Savage-Hunger","text":"Savage Hunger","className":""},{"href":"https://bit.ly/MTG-ELD-Brawl-Wild-Bounty","text":"Wild Bounty","className":""},{"href":"https://bit.ly/MTG-RNA-Kits-All","text":"ALL 5 DECKS","className":""},{"href":"https://bit.ly/MTG-RNA-Kits-Azorius","text":"Azorius","className":""},{"href":"https://bit.ly/MTG-RNA-Kits-Gruul","text":"Gruul","className":""},{"href":"https://bit.ly/MTG-RNA-Kits-Orzhov","text":"Orzhov","className":""},{"href":"https://bit.ly/MTG-RNA-Kits-Rakdos","text":"Rakdos","className":""},{"href":"https://bit.ly/MTG-RNA-Kits-Simic","text":"Simic","className":""},{"href":"https://bit.ly/MTG-GRN-Kits-All","text":"ALL 5 DECKS","className":""},{"href":"https://bit.ly/MTG-GRN-Kits-Boros","text":"Boros","className":""},{"href":"https://bit.ly/MTG-GRN-Kits-Dimir","text":"Dimir","className":""},{"href":"https://bit.ly/MTG-GRN-Kits-Golgari","text":"Golgari","className":""},{"href":"https://bit.ly/MTG-GRN-Kits-Izzet","text":"Izzet","className":""},{"href":"https://bit.ly/MTG-GRN-Kits-Selesnya","text":"Selesnya","className":""},{"href":"https://bit.ly/MTG-GN-2019-Box-Set","text":"FULL BOX SET","className":""},{"href":"https://bit.ly/MTG-GN-2019-Glorious","text":"Glorious Combat","className":""},{"href":"https://bit.ly/MTG-GN-2019-Aerial","text":"Aerial Acrobatics","className":""},{"href":"https://bit.ly/MTG-GN-2019-Endless","text":"Endless Hordes","className":""},{"href":"https://bit.ly/MTG-GN-2019-Draconic","text":"Draconic Fury","className":""},{"href":"https://bit.ly/MTG-GN-2019-Massive","text":"Massive Might","className":""},{"href":"https://bit.ly/MTG-Game-Night-Box-Set","text":"FULL BOX SET","className":""},{"href":"https://bit.ly/MTG-Game-Night-Assemble","text":"Assemble for Battle","className":""},{"href":"https://bit.ly/MTG-Game-Night-Take","text":"Take to the Skies","className":""},{"href":"https://bit.ly/MTG-Game-Night-Rise","text":"Rise from the Grave","className":""},{"href":"https://bit.ly/MTG-Game-Night-Unleash","text":"Unleash Chaos","className":""},{"href":"https://bit.ly/MTG-Game-Night-Grow","text":"Grow Fierce","className":""},{"href":"https://bit.ly/MTG-Explorers-Box-Set","text":"FULL BOX SET","className":""},{"href":"https://bit.ly/MTG-Explorers-Legion-of-Dusk","text":"Legion of Dusk","className":""},{"href":"https://bit.ly/MTG-Explorers-Brazen-Coalition","text":"Brazen Coalition","className":""},{"href":"https://bit.ly/MTG-Explorers-River-Heralds","text":"River Heralds","className":""},{"href":"https://bit.ly/MTG-Explorers-Sun-Empire","text":"Sun Empire","className":""},{"href":"https://bit.ly/MTG-Modern-Event-Deck","text":"March of the Multitudes","className":""},{"href":"https://bit.ly/MTG-All-DotP","text":"ALL 5 DECKS","className":""},{"href":"https://bit.ly/MTG-DotP-Thoughts","text":"Thoughts of the Wind","className":""},{"href":"https://bit.ly/MTG-DotP-Eyes","text":"Eyes of Shadow","className":""},{"href":"https://bit.ly/MTG-DotP-Hands","text":"Hands of Flame","className":""},{"href":"https://bit.ly/MTG-DotP-Teeth","text":"Teeth of the Predator","className":""},{"href":"https://bit.ly/MTG-DotP-Ears","text":"Ears of the Elves","className":""},{"href":"https://bit.ly/MTG-Deckmasters-Box-Set","text":"FULL BOX SET","className":"unverified"},{"href":"https://bit.ly/MTG-Deckmasters-Finkel","text":"Finkel","className":"unverified"},{"href":"https://bit.ly/MTG-Deckmasters-Garfield","text":"Garfield","className":"unverified"},{"href":"https://bit.ly/MTG-Beatdown-Box-Set","text":"FULL BOX SET","className":"unverified"},{"href":"https://bit.ly/MTG-Beatdown-Aerodoom","text":"Aerodoom","className":"unverified"},{"href":"https://bit.ly/MTG-Beadown-Ground-Pounder","text":"Ground Pounder","className":"unverified"},{"href":"https://bit.ly/MTG-Royale-Box-Set","text":"FULL BOX SET","className":""},{"href":"https://bit.ly/MTG-Royale-Spirit-Gale","text":"Spirit Gale","className":""},{"href":"https://bit.ly/MTG-Royale-Cinder-Heart","text":"Cinder Heart","className":""},{"href":"https://bit.ly/MTG-Royale-Chargoyf","text":"Chargoyf","className":""},{"href":"https://bit.ly/MTG-Royale-The-Deluge","text":"The Deluge","className":""},{"href":"https://bit.ly/MTG-Anthologies-Box-Set","text":"FULL BOX SET","className":"unverified"},{"href":"https://bit.ly/MTG-Anthologies-Defenders","text":"Defenders of the Cause","className":"unverified"},{"href":"https://bit.ly/MTG-Anthologies-Dark-Alliance","text":"Dark Alliance","className":"unverified"}]}